Joni,McGowan,88
Rycca,Allington,73
Glenn,Rilton,53
Gracia,Kingswood,26
Kathy,Falloon,26
Alla,Spata,42
Mervin,Westover,57
Pacorro,Benson,65
Tully,Fesby,27
Petunia,Ennever,29
Essy,Landsberg,30
Lindy,Neicho,59
Burtie,Dowsey,106
Dacie,Gabbitus,109
Aggi,Astley,83
Conrade,Dawtre,39
Pascale,Paulus,41
Reube,Eller,118
Latisha,Karpfen,12
Cynde,Pelerin,93
Frank,Pordall,60
Robbi,Fredy,67
Maurice,Egdal,33
Murvyn,Pudan,65
Dianna,Domenge,3
Luis,Cradoc,82
Aldridge,Nurny,14
Derward,Kemsley,89
Elga,Skoyles,26
Thekla,McCallum,0
Nessy,Domenichini,82
Aldrich,Clitheroe,12
Laurel,Brokenshaw,65
Kellia,Stockey,61
Sean,Illwell,97
Christiane,Boyde,23
Elihu,Pettis,113
Evvie,Pennone,104
Sebastian,Beange,0
Cecilla,Chastenet,107
Ethe,Mutlow,77
Ally,Allkins,73
Casey,Bizley,54
Rikki,Dulanty,54
Phillida,Vales,9
Mendy,Pischof,38
Aylmar,Caplen,61
Angele,Dickson,38
Enrico,Hallwood,109
Woody,Dullard,74
Neron,Feaster,64
Selma,Faichney,43
Konrad,Tigwell,97
Janith,Dibdall,76
Merlina,Crisford,116
Mischa,Kalderon,103
Keven,Gamon,121
Vida,Whittleton,1
Kimble,Rushforth,101
Kylie,Crewther,52
Mair,Pitblado,68
Baillie,Lutton,111
Malinde,Morten,11
Kellyann,Jambrozek,80
Charmion,Fallis,50
Ward,Rockwell,58
Gonzales,Stevani,4
Carce,Denniston,93
Free,Redit,61
Nike,Leeman,14
Kris,Spanton,44
Lucine,Bauchop,61
Sam,Ridings,73
Rhianon,Brownsword,16
Ruthy,Zaniolini,111
Evaleen,Da Costa,110
Kile,Yellep,42
Rhoda,Lemmanbie,89
Elisabet,Leavry,63
Dulce,Chinge,120
Burton,Eayrs,22
Maurizia,Paulat,38
Hedy,Upham,84
Mikael,Huggen,71
Inge,Blenkinsop,7
Brigg,Emanuelli,36
Dominic,Tremathack,61
Jamesy,O' Dornan,107
Jarrad,Frantsev,15
Elyse,Kingswoode,58
Christi,Masedon,44
Orazio,Von Oertzen,23
Isidora,Noods,109
Stacie,Brisley,113
Tuckie,Bath,23
Ario,Cliff,88
Saundra,Skingley,56
Naomi,Mullins,104
Prentice,Hitschke,43
Wilbert,Talton,32
Jae,Canas,87
Euphemia,Chaplyn,43
Leroy,Alben,50
Melisse,Paradin,39
Ezekiel,Thurgood,62
Sylvan,Le Pine,64
Hilario,Philippou,29
Lynde,Scramage,20
Rochell,Kopta,37
Oneida,Moule,35
Evey,Penni,28
Branden,Schmuhl,100
Shelagh,Jeannin,90
Seymour,Hartrick,43
Torrie,Boliver,78
Etheline,Stoter,106
Sibylla,Croizier,14
Tedmund,Czyz,74
Timmy,Helleker,116
Christophorus,Simmons,112
Ashely,Clute,45
Gweneth,Ivashev,6
Guinevere,Papis,54
Petunia,Thoms,10
Katrina,Pottinger,120
Dottie,Panswick,87
Cullie,Sedman,111
Ainslee,Yakovlev,57
Bevon,Semkins,119
Brynna,Batterson,30
Sly,Willard,11
Thorn,Jaquest,97
Jan,Exon,97
Brear,MacRorie,28
Elsworth,Capsey,108
Beverie,Andell,115
Minnnie,Battill,64
Katya,Ghelarducci,1
Steve,Petrou,27
Corbie,Grenshiels,67
Winona,Henrys,79
Gwyneth,Mugford,12
Gaylene,Bruckman,68
Padgett,McCrillis,120
Amata,Matous,112
Eve,Bursell,90
Albert,Ponnsett,11
Korry,Shapero,31
Isa,Boig,35
Marilee,Van Zon,31
Flin,Whewill,112
Cristabel,Midghall,91
Marrilee,Ruos,40
Odelle,Nairns,42
Burtie,Baccup,21
Darwin,Turpey,110
Demetris,Masserel,23
Philly,Gallie,66
Kat,Gendricke,118
Nataline,Broadley,62
Hubert,Guitton,103
Sargent,Blaxall,78
Celene,Gunter,82
Rolland,Cassey,40
Lulita,Roots,93
Morrie,Lindsell,111
Allegra,Meenehan,43
Homer,Wardell,4
Meredith,Blunsen,21
Nerta,Twelvetrees,27
Alexandr,Jeffryes,78
Harman,Meletti,111
Bogart,Terrett,63
Sherwynd,Smullin,91
Vinni,Rosenqvist,77
Gwendolyn,Belt,13
Barbe,Beynon,94
Delores,MacKay,4
Teddy,Euels,0
Marion,Aujouanet,118
Ilene,Buick,23
Kaila,Gouldsmith,63
Mei,Fortnum,47
Andra,Skeggs,40
Orsa,Waddie,61
Robena,Krzysztofiak,69
Glori,St Ledger,46
Kakalina,Bricksey,33
Genia,Stockoe,3
Dulcia,MacMychem,23
Corrie,Bingle,60
Rory,Osgar,75
Jackie,Kase,101
Marie-jeanne,Heinlein,29
Valeria,Raddon,65
Korry,Winpenny,77
Andros,Karpenko,58
Harriott,Ogus,12
Jewel,Maydway,51
Erny,Brecknock,34
Sophi,Greguol,40
Shae,Wadeson,12
Bryn,Freemantle,28
Rik,Stickells,29
Kean,Couper,45
Des,MacKee,27
Wyatan,Whinray,2
Mathilde,Blowen,102
Hedvige,Pickston,12
Basilio,Sommer,41
Sigismund,Nestor,32
Danya,Blezard,70
Sauncho,Orteaux,84
Adler,Auty,76
Kipp,Rosa,2
Free,Sumers,62
Clarine,Steggals,51
Giuditta,Heams,105
Lynea,Jirusek,27
Jo-ann,Neeve,6
Nicol,Threader,48
Rab,Mountcastle,69
Gael,Horsewood,15
Timoteo,Luciani,63
Svend,Lanbertoni,9
Kendra,Camous,115
Joelly,Grigorian,83
Rip,Saxelby,58
Brittni,Reyson,77
Cori,Branson,7
Rick,Marnes,4
Alvera,Savidge,117
Patrizio,Grishmanov,89
Bevin,Oates,1
Matti,Grinham,17
Dyan,Gowdy,105
Drusy,Gason,42
Berna,Melhuish,120
Roseline,Sollon,42
Tome,Davidovicz,29
Kora,Callear,34
Andonis,Raymond,118
Valentin,Brussels,91
Merill,D'Agostino,57
Rockey,Guilayn,13
Monroe,Costerd,52
Mathew,Scard,87
Matthaeus,Maier,40
Tally,Rolfini,60
Barty,Yu,61
Gertruda,Jost,34
Cassey,Elder,13
Myles,Rigate,69
Joyan,Forsythe,68
Agata,Piscotti,53
Lammond,Cambling,42
Kissee,Thaller,13
Emanuele,Fabry,11
Troy,Cottis,17
Shelia,Peltz,106
Emogene,Duddy,69
Paula,Stickney,37
Oswell,Broomhead,118
Guendolen,Andreazzi,111
Callean,Caldicott,86
Tymon,Ainsby,59
Darby,Sibson,14
Lisbeth,Trimmill,24
Alfi,Earie,33
Baxy,Rendbaek,108
Dorrie,Dyzart,58
Royal,Coster,41
Sasha,Blaze,36
Gabriello,Pavlov,21
Vergil,Cattle,16
Towny,Trasler,61
Liza,Filochov,70
Dew,Molineaux,54
Idaline,Bisley,89
Amandi,Kesten,3
Falito,Hallam,10
Aleen,Sergeant,96
Robbert,Pattlel,25
Jedd,Crean,54
Gage,Soans,104
Jewelle,Schoroder,53
Susie,Feldmus,109
Carolee,Vannacci,72
Harlie,Theobald,111
Andee,Illiston,29
Genna,Benjefield,3
Obie,Whatson,76
Corrine,Conti,119
Horatio,Aiston,23
Skyler,Lloyds,20
Jarrett,Dymocke,89
Bartholomew,Herries,107
Marjory,Tripett,110
Rinaldo,Wessing,34
Shannon,Laite,95
Agneta,Marrow,110
Huntlee,Bazell,66
Regen,Fulloway,4
Benji,Amer,98
Sherri,Liptrot,18
Alisha,Formigli,20
Sandie,Cissen,45
Walther,Giocannoni,14
Nicolis,Firmager,111
Odetta,Rathmell,2
Natka,Sansam,115
Helge,Overington,0
Bernete,Youhill,112
Standford,Bradberry,89
Jandy,Falconer,47
Gustav,Mayou,20
Faina,Kohn,44
Ingelbert,Cruess,111
Cash,Girdwood,50
Sayer,Grayham,74
Vladamir,Terran,78
Nicolette,Birtwhistle,46
Bradney,Culkin,45
Vladamir,Warman,16
Win,Ivashintsov,34
Molly,Croux,8
Butch,Westmarland,13
Fae,Handrock,26
Dav,ducarme,120
Dorie,Wackley,49
Orlando,Popelay,108
Hendrik,Wattam,90
Bendicty,Spaxman,28
Paula,Petticrow,18
Anthia,Bonellie,11
Davey,Verillo,26
Deny,Dukesbury,6
Cindy,Nelissen,44
Jobi,Sabater,10
Damita,Hyndson,36
Mala,Casburn,103
Clari,Clemow,68
Israel,Stoves,72
Lionello,Rate,34
Tony,Wearn,113
Fraze,Gartell,92
Den,Lumsdaine,33
Norine,Lyptratt,25
Asher,Blakeley,99
Gypsy,Peal,42
Delila,Woolmer,84
Bobbette,Barwick,45
Broderick,Tremayle,4
Vitoria,Isacke,35
Lona,Loalday,32
Eddie,Florio,60
Ozzy,Ginn,55
Carline,Toghill,36
Gun,Haworth,47
Claudia,Francis,90
Shea,Deas,114
Kori,Schuster,13
Dahlia,Ropars,112
Leontyne,Capponer,72
Garwood,Haylor,92
Lira,Kleis,51
Orazio,Leban,74
Maxy,Gothard,33
Winne,Glasard,113
Courtney,Lainge,53
Casar,Beebis,20
Henryetta,Emanuelli,38
Mireille,Hamper,36
Neysa,Philipsen,96
Philippine,Fellnee,54
Philis,Cheshir,39
Sela,Ferandez,24
Caye,Kiln,107
Nonnah,Sterre,54
Harriett,Holcroft,100
Weidar,Inott,4
Eran,Creamen,32
Omero,Choat,89
Gladys,Heibl,30
Lewes,Petzold,28
Dorthy,Chaffyn,7
Novelia,Burgott,6
Corny,Kirtley,100
Jeanine,Cowup,120
Sibylle,Woolmington,41
Claudell,Ayrs,58
Ashlen,Callister,39
Kati,Pettendrich,84
Gabriell,Bergeon,99
Trudie,Berth,112
Gaven,Taye,113
Edgar,Ventam,33
Margaretha,Oade,35
Charla,Celand,9
Marena,Kernocke,92
Kristy,Clack,22
Woodie,MacKall,13
Shandy,Peploe,99
Peter,Adds,99
Jonathon,Willoughley,53
Ninetta,MacGinley,92
Breena,Mann,89
Rolfe,Cottom,55
Jodie,De Vaan,14
Guinna,Goody,82
Edythe,Archbell,3
Ellerey,Srutton,40
Boy,Rider,90
Courtnay,Dunsire,23
Lemmie,Iban,0
Merwyn,Pavelin,84
Suki,Damato,108
Lonee,Grinnikov,21
Berk,Reinard,24
Monika,McDaid,16
Nobe,Kondratenya,87
Hanson,Schirak,15
Gillan,Pell,118
Rolando,Paulig,21
Price,Dobby,10
Sheilakathryn,Viccars,50
Murvyn,Shirrell,8
Livia,Josefsohn,104
Kristopher,Durrett,1
Chev,Crackett,62
Cherilynn,Drakard,44
North,Riehm,23
Shelley,Grimsey,28
Aubrey,Armfield,108
Alfy,Gawen,116
Jeramie,McAtamney,97
Hinda,Boxer,62
Abbott,Forcade,56
Gracie,Harberer,63
Norine,Fahy,60
Northrop,Klaes,24
Mufinella,Brumen,63
Glynnis,Eldred,121
Viola,Reade,25
Rodrigo,Augar,9
Normy,Antoinet,69
Leah,Bethell,17
Osmund,Hobbert,65
Curtis,Prentice,42
Gale,Hayley,83
Idell,Linnard,108
Hartwell,Brocket,49
Pren,Binney,60
Lombard,Gunthorpe,42
Shandeigh,Wadham,35
Lin,MacPeake,77
Kata,Onians,55
Nicko,Dickin,88
Nissie,Newart,57
Maurine,Ricardou,120
Babette,McCallam,18
Putnam,Scobie,72
Dun,Clifforth,102
Samaria,Chate,42
Aloysia,Santore,8
Dore,Rosenberger,34
Hester,Sellwood,116
Sileas,Matzeitis,6
Alanna,Dessaur,49
Rebe,Seatter,16
Callida,Tondeur,27
Uta,Sanzio,95
Christiana,Silcocks,50
Clementina,Sante,119
Gris,Guillerman,14
Deanne,Copper,100
Astrix,Awin,23
El,Mennear,78
Hubey,Geldert,78
Merl,Conahy,8
Estel,Woodworth,89
Cristie,Clampton,69
Inesita,Crockett,64
Lloyd,Mucci,97
Petronia,Wyeth,54
Nissie,Tupie,56
Nikolas,Freezor,99
Ramona,Luna,115
Willi,Gatheridge,103
Rodolphe,Verbeke,106
Maggie,Robathon,29
Desmond,Buglar,81
Barbe,Blindt,17
Vanda,Haughian,3
Ichabod,Biddiss,120
Farr,Orniz,77
Dusty,Bott,25
Aveline,Bridden,103
Elsie,Kempstone,49
Desiri,Rookledge,100
Kain,Baline,118
Bartel,Outram,85
Verna,Scantleberry,15
Laverne,Trunby,88
Palmer,Roullier,118
Bernetta,Redmain,117
Barby,Elwood,33
Tuckie,Lilloe,119
Mayne,Gentry,79
Kaja,Cowperthwaite,80
Liliane,Ash,83
Stormie,Reay,62
Nata,Lindermann,42
Ricardo,Giraths,31
Moyra,Short,119
Colas,Whorf,79
Lydon,Orhrt,116
Dona,Ciccottini,62
Grenville,Nowakowska,72
Corrie,Challicum,109
Bernardo,Ruddoch,87
Alejandra,Jirka,78
Val,Ghiraldi,102
Willdon,Loughhead,45
Borden,Boast,8
Kory,McClaren,106
James,Halligan,21
Raymond,Quinnelly,86
Tine,Gilyatt,119
Thomasa,Heatherington,40
Sam,Isbell,29
Cornell,Poulsen,66
Tam,Jancy,32
Ferrel,Sizzey,59
Blake,Hurton,48
Merwin,Adolthine,74
Ernestine,Cuschieri,97
Elisha,Faudrie,78
Booth,Pulford,4
Sigismondo,Hattigan,116
Colin,Dundridge,37
Constancia,Stenson,32
Tiff,Pietzke,6
Wendy,Cordoba,37
Felice,Epple,39
Edeline,Rudkin,65
Ashton,Melan,90
Willie,McGillreich,14
Kaleena,Leitche,120
Griffie,Alston,82
Vannie,Parminter,48
Bail,Alner,19
Joan,Hamner,6
Chalmers,Jamary,54
Gannie,Dreakin,27
Stesha,Tzuker,20
Mitchael,Abbie,33
Alica,Chatin,58
Alfie,Clash,110
Jeri,Menere,43
Farrah,Van Arsdall,99
Marlo,Eustanch,80
Maurits,Gayther,44
Damara,Carpmile,11
Valentine,Jerzykiewicz,108
Delmor,Tompkinson,113
Tamarra,Tomaskunas,51
Melany,Jikovsky,100
Ardra,Raftery,16
Vernon,Pitbladdo,51
Delmor,Columbell,16
Shoshana,Athow,40
Bee,Kermeen,39
Mattias,Sinnett,62
Brier,Mandrier,2
Eldredge,Scrivner,30
Maudie,Fairley,50
Horacio,Harms,109
Krista,Soule,73
Lucky,O'Dwyer,97
Daryl,Bartolomeo,21
Angelita,Ruvel,44
Deb,Dudmarsh,117
Baird,Louys,75
Shalna,Thomlinson,64
Nicolai,Winchurch,28
Stephannie,Le Noire,104
Urbanus,Parnall,53
Lucia,Yule,112
Vinita,Hallsworth,100
Karim,Bacup,117
Marla,Misken,109
Chris,Duker,26
Cherida,Shipway,54
Niles,Lammie,49
Jacky,Stanwix,90
Joshuah,Olliffe,3
Gianni,M'cowis,96
Hodge,Ipplett,115
Mareah,Pedgrift,74
Hilarius,Epsly,62
Karly,Furlonge,89
Victoir,Maccrie,44
Estella,Bushen,103
Wilow,Grumley,0
Selma,Scottrell,101
Kathryne,Jerrolt,28
Dael,Perot,103
Gabriella,Bragger,106
Terencio,O'Hartigan,92
Ingeborg,Bowdon,92
Burnard,Brambell,37
Briny,Stoving,26
Sherri,Jagiello,88
Odette,Stebles,62
Romy,Eul,89
Camala,Cockshut,29
Esra,Anthoin,17
Jannelle,Castelluzzi,98
Karly,Fishwick,91
Ronnie,Trymme,73
Zane,Tutt,5
Starlin,Dutnall,59
Leila,Jecock,11
Cosimo,Jiles,41
Carolee,Blanket,71
Pauli,Chatwood,37
Dexter,Standbridge,12
Clarabelle,Vivyan,5
Jillana,Meese,113
Lucilia,Corhard,63
Artie,Mogie,56
Georgeanna,Hallbord,53
Jermaine,Praundl,62
Marika,De Normanville,75
Dennet,Kovalski,69
Mitchael,MacLoughlin,0
Jarrid,Risso,117
Kassey,Tonkinson,87
Onfre,Puden,116
Chanda,Perrington,7
Wandie,Dufer,62
June,Wallenger,67
Leonid,Boddymead,114
Stephan,Sprague,80
Clementius,Duddell,10
Tab,Reveland,43
Valaria,Kleimt,70
Cathrin,Blader,78
Corbie,Ianson,23
Holli,Castelow,27
Candace,Ebhardt,103
Robbyn,Packwood,68
Webster,Elbourn,38
Philip,D'Alessandro,70
Simmonds,Calterone,105
Min,Lethbury,1
Tabbi,Filpi,76
Cross,Pincked,28
Ozzie,Raistrick,53
Minetta,Foxley,112
Garvy,Keogh,7
Rory,Lanphier,70
Bronny,Vasyutichev,43
Henryetta,Buche,16
Clarisse,Rymmer,90
Jeff,Rzehorz,14
Bret,Bibb,104
Regan,Elstow,32
Miles,Sans,53
Anabella,Harteley,63
Dietrich,Froud,46
Coraline,Jaquest,55
Ogdon,Gazey,43
Mata,Hawkes,3
Glennie,Penticoot,51
Pip,Odell,36
Erda,Gheraldi,24
Cecil,Kilfedder,43
Alix,Paddle,20
Lutero,Gallaccio,25
Idell,Harriot,19
Paige,Fishpool,38
Lynnell,McCaskell,59
Tate,Skoughman,24
Hana,Beebe,11
Duff,Besnardeau,93
Delainey,Megarrell,37
Zoe,Burtenshaw,39
Nikaniki,Mariet,49
Tommy,Caulkett,41
Elisa,Leathem,8
Robinett,Yacob,48
Jean,Giacomoni,36
Rozele,Lintin,104
Reina,Gosse,39
Wenda,Dmytryk,40
Barth,Gibbings,45
Shaw,Tootell,113
Maggie,Briand,1
Berton,Gallaccio,45
Evan,Begwell,28
Idell,Gurdon,23
Errick,Foker,74
Clare,Larver,44
Rowen,Petyt,16
Nicola,Seager,70
Janelle,Ison,91
Temp,Cranmore,34
Evvie,Greiser,40
Elaina,Tarzey,62
Christen,Jerrems,0
Joel,Birkin,17
Sher,Cabrales,17
Jennie,Reavey,8
Lombard,Pibworth,88
Rawley,Gaize,52
Glyn,Haliburn,15
Meris,Haker,73
Bartolomeo,Baudts,20
Jefferson,Scollard,60
Todd,Duplock,87
Alanson,Marxsen,2
Millicent,Sterte,104
Ethelyn,Milesap,45
Winnifred,Geaney,57
Bastien,Scurrell,23
Petr,Sackey,3
Drusi,Hanhard,43
Giacobo,Aujouanet,97
Dukie,Siviour,53
Carolin,Lighten,113
Chase,Amott,20
Adelheid,Farrears,45
Barret,MacAllister,103
Bran,Ritzman,92
Reinaldo,Ivchenko,65
Calli,Norman,54
Loree,Scrimshire,79
Deborah,O'Crowley,14
Mindy,Phaup,19
Mayer,Foskett,3
Sibley,Lydford,86
Dalston,Gorcke,56
Karrie,Shasnan,10
Lindsay,Keave,6
Holden,Salzburger,88
Connie,Grigorkin,38
Mikol,Steeden,70
Geneva,Duckit,98
Vale,Harrad,93
Shepard,Jansik,98
Percy,Meynell,88
Hayyim,Dupoy,3
Kippie,Rosling,106
Mariette,Donaghy,1
Kinnie,Ings,97
Maryl,Nansom,88
Tally,Whatley,32
Nickolas,Cardiff,35
Tamas,Commins,32
Renie,Klaffs,117
Barri,McGurk,29
Filide,McCarron,62
Bord,Yaxley,78
Brenden,Kruger,79
Charyl,Aysik,97
Shelden,Eymer,62
Mahmud,Doyland,41
Arlana,Grzesiak,92
Florence,Earsman,6
Burlie,Mayworth,119
Kin,Hansell,102
Hanna,Pietranek,21
Kevyn,Chapple,96
Dana,Dewer,56
Julee,Breitler,61
Brendan,Napleton,18
Lammond,Sainz,108
Drew,Asche,82
Florian,Shrubshall,39
Eleen,Bulch,55
Alissa,Tague,34
Hamel,Gogerty,37
Aubrey,Presser,53
Dennis,Downgate,71
Dietrich,Lowater,8
Gustavus,Woolway,55
Ermin,Stanney,0
Simmonds,Spurgin,96
Shaylyn,Blose,63
Tilda,Woodcock,60
Halette,Lujan,104
Pail,Elcy,34
Tomasina,Fellos,72
Janene,Morcom,33
Miguelita,Oman,82
James,Cove,78
Guendolen,Hazlegrove,29
Gustave,Stowe,111
Yorker,Gribbell,3
Tracee,Giabucci,118
Flss,Flay,11
Alejandra,Kilgour,70
Pascal,Ovey,56
Jacquelyn,Couchman,114
Tarah,Ainsworth,65
Winona,Povall,111
Filippa,Blaby,14
Cordey,Pond-Jones,100
Elias,Thominga,64
Casey,Martinson,99
Celestia,Noel,34
Xenia,Gehrels,104
Perkin,Jameson,27
Cyril,Curme,108
Francklin,Penk,82
Nita,Scudamore,34
Jo ann,Grayshan,46
Augustina,Sangwin,118
Sidnee,Filintsev,6
Osmund,Lude,21
Murdoch,Westrey,26
Sanderson,Lambirth,13
Julee,Barttrum,120
Derron,Cowderoy,86
Reginauld,Higounet,24
Bret,Ungaretti,28
Chiarra,Dunning,61
Rozanne,De L'Isle,83
Derrick,Farge,13
Manny,Tegeller,112
Elana,Jinks,64
Giana,Scuffham,30
Jeannine,Ivan,41
Olivero,Gallyon,50
Marabel,Jindrak,102
Brittne,O'Donoghue,5
Calhoun,Liveing,117
Lexine,Wackly,48
Angil,Iwanczyk,106
Lynnelle,Tschierse,38
Rosamund,Couchman,46
Krisha,Quinnell,23
Stacia,Annandale,22
Nikola,Matejic,76
Edith,Reburn,38
Dud,Speak,30
Becki,Antonchik,68
Wilmer,Borthram,19
Jane,Jaffa,8
Pavla,Breeder,68
Conant,Witnall,54
Jemie,Gainforth,112
Mabel,Keddle,104
Vitoria,Strattan,3
Delphine,Weall,37
Claudina,Sainsbury-Brown,103
Shaine,Whacket,57
Orsa,Paradis,53
Lillian,Clapperton,96
Michele,McEvay,42
Celina,McDougall,79
Franchot,Camamill,45
Aleksandr,Baudacci,42
Alleyn,Raybould,46
Shel,Morkham,52
Dannye,Rechert,108
Gian,Izkovitch,87
Alaric,Ledster,1
Loreen,Busfield,2
Kanya,Van Zon,102
Toddy,Bauser,6
Erna,Pitcock,7
Raimondo,Jorgesen,5
Lisetta,Dorwood,85
Stormi,Paragreen,54
Tatiana,Iveagh,84
Valina,Ulyatt,117
Chrisy,Casoni,65
Elroy,Boord,51
Pacorro,Bengal,92
Harmony,Redfearn,64
Augusta,Garrigan,120
Anallese,Kinghorne,66
Zacharias,Shallcroff,68
Emera,Sanson,1
Ailyn,Mynott,107
Kass,Jaye,6
Augusta,Pedden,105
Papageno,Martinovsky,34
Eve,Thorpe,75
Bat,Gregorin,53
Kayne,Grushin,40
Celie,Tunaclift,32
Parke,Skipperbottom,71
Tedra,Wait,30
Morten,Kitley,34
Vinita,Brolan,29
Elnore,Huxton,17
Gun,Skate,61
Lauryn,Chellam,117
Ottilie,Clericoates,113
Dita,Ibbitson,4
Aaren,Standidge,110
Dallis,Cool,17
Katlin,Wrist,101
Odey,Nevitt,64
Hal,Darrel,94
Donnell,Oger,104
Claudetta,McGeachey,45
Broddie,Johncey,68
Marna,Iveson,38
Flory,Tawse,50
Dav,Dodamead,3
Salem,Vanyushin,98
Janelle,Giacovetti,94
Roselia,McFadzean,103
Goldi,Falvey,19
Lucho,Hubane,79
Tucky,Chatin,85
Glyn,O'Deegan,31
Linet,Duddell,118
Warden,Studde,114
Lucie,Stonard,19
Kippy,Rowberry,39
Catlin,Pointon,11
Barby,Buxey,53
Barth,Pagelsen,121
Wrennie,Easbie,70
Ted,Borrell,74
Thorndike,Pennyman,2
Shela,Milsom,48
Danie,Harrowell,44
Koo,Farries,35
Sharona,Hinkins,107
Wini,Longbone,66
Corabelle,McCourt,29
Holt,Bernetti,1
Prissie,Bruntje,50
Hailey,Devin,64
Katusha,Younglove,47
Maybelle,Busen,26
Abby,Barrowclough,90
Retha,Gregg,56
Susannah,Rennard,6
Allina,Petriello,15
Olenka,Cullrford,93
Shana,Staries,21
Morena,Stell,116
Tymothy,Tyrie,24
Trina,Cussen,20
Jacky,Roads,13
Sosanna,Lazar,73
Barnaby,Lowdes,32
Kora,Margetson,101
Cyril,Cropton,9
Aube,Matyushenko,101
Maynard,Mewha,25
Hayward,Luckings,74
Leoine,Pelos,56
Odille,Corner,0
Moina,Piddocke,63
Idelle,Gladdifh,7
Gilly,Kiehne,1
Grata,Payn,99
Clio,Dodd,58
Kimberli,Berkowitz,75
Abigale,Loffhead,107
Raphaela,Petrovykh,8
Katherina,Patemore,18
Kiersten,Capey,74
Wilek,Cristofolini,93
Anthe,Ennion,17
Dacy,Peddowe,78
Kippie,Forrestill,11
Netty,Aguirre,25
Elset,Beedle,100
Janek,Wymer,18
Fancie,Evennett,69
Murdock,Cuttell,54
Lock,Brockbank,113
Uta,Castagnet,38
Tomasina,Dressel,111
Lyda,Petto,69
Allin,Pigot,8
Kalie,Shills,3
Haskell,Ineson,100
Agace,Litton,75
Elke,Key,25
Kerr,Dellar,78
Ximenez,Woodbridge,90
Fraze,Thunders,104
Kassie,Death,108
Pegeen,Magne,78
Elwira,Paulsson,107
Yoshi,Cowitz,9
Kathryn,Paszek,37
Jasmina,Ackrill,99
Eleanor,Frances,73
