Joni,McGowan,11/07/1932
Rycca,Allington,18/06/1947
Glenn,Rilton,03/01/1968
Gracia,Kingswood,02/08/1994
Kathy,Falloon,02/02/1995
Alla,Spata,20/09/1978
Mervin,Westover,01/10/1963
Pacorro,Benson,22/06/1955
Tully,Fesby,02/06/1993
Petunia,Ennever,13/12/1991
Essy,Landsberg,14/03/1990
Lindy,Neicho,26/02/1962
Burtie,Dowsey,16/02/1915
Dacie,Gabbitus,25/06/1911
Aggi,Astley,09/01/1938
Conrade,Dawtre,22/02/1982
Pascale,Paulus,03/12/1979
Reube,Eller,17/05/1902
Latisha,Karpfen,01/10/2008
Cynde,Pelerin,27/08/1927
Frank,Pordall,13/08/1960
Robbi,Fredy,05/01/1954
Maurice,Egdal,15/08/1987
Murvyn,Pudan,16/03/1955
Dianna,Domenge,25/08/2017
Luis,Cradoc,10/05/1938
Aldridge,Nurny,07/02/2007
Derward,Kemsley,22/07/1931
Elga,Skoyles,11/12/1994
Thekla,McCallum,24/10/2020
Nessy,Domenichini,08/09/1938
Aldrich,Clitheroe,14/07/2008
Laurel,Brokenshaw,14/12/1955
Kellia,Stockey,31/08/1959
Sean,Illwell,01/07/1923
Christiane,Boyde,08/06/1997
Elihu,Pettis,08/11/1907
Evvie,Pennone,03/10/1916
Sebastian,Beange,19/03/2020
Cecilla,Chastenet,11/03/1913
Ethe,Mutlow,07/08/1943
Ally,Allkins,08/02/1948
Casey,Bizley,25/05/1966
Rikki,Dulanty,14/02/1967
Phillida,Vales,10/12/2011
Mendy,Pischof,11/03/1982
Aylmar,Caplen,19/06/1959
Angele,Dickson,11/10/1982
Enrico,Hallwood,04/05/1911
Woody,Dullard,31/12/1946
Neron,Feaster,28/12/1956
Selma,Faichney,26/12/1977
Konrad,Tigwell,29/02/1924
Janith,Dibdall,21/04/1944
Merlina,Crisford,13/06/1904
Mischa,Kalderon,15/04/1917
Keven,Gamon,27/02/1900
Vida,Whittleton,11/05/2019
Kimble,Rushforth,14/03/1919
Kylie,Crewther,09/05/1968
Mair,Pitblado,27/08/1952
Baillie,Lutton,05/09/1909
Malinde,Morten,09/01/2010
Kellyann,Jambrozek,20/07/1940
Charmion,Fallis,06/08/1970
Ward,Rockwell,22/02/1963
Gonzales,Stevani,21/01/2017
Carce,Denniston,16/02/1928
Free,Redit,07/01/1960
Nike,Leeman,21/10/2006
Kris,Spanton,25/10/1976
Lucine,Bauchop,24/03/1959
Sam,Ridings,01/12/1947
Rhianon,Brownsword,05/01/2005
Ruthy,Zaniolini,11/08/1909
Evaleen,Da Costa,14/12/1910
Kile,Yellep,26/12/1978
Rhoda,Lemmanbie,03/07/1931
Elisabet,Leavry,22/04/1957
Dulce,Chinge,24/01/1901
Burton,Eayrs,08/03/1999
Maurizia,Paulat,28/05/1982
Hedy,Upham,22/04/1936
Mikael,Huggen,26/08/1949
Inge,Blenkinsop,06/06/2013
Brigg,Emanuelli,30/06/1984
Dominic,Tremathack,28/08/1959
Jamesy,O' Dornan,19/10/1913
Jarrad,Frantsev,03/08/2005
Elyse,Kingswoode,02/02/1963
Christi,Masedon,03/06/1976
Orazio,Von Oertzen,04/06/1997
Isidora,Noods,23/04/1911
Stacie,Brisley,07/03/1908
Tuckie,Bath,14/01/1998
Ario,Cliff,29/05/1932
Saundra,Skingley,20/03/1964
Naomi,Mullins,19/09/1916
Prentice,Hitschke,22/01/1978
Wilbert,Talton,17/02/1989
Jae,Canas,01/12/1933
Euphemia,Chaplyn,08/03/1978
Leroy,Alben,19/09/1970
Melisse,Paradin,19/08/1981
Ezekiel,Thurgood,01/04/1958
Sylvan,Le Pine,29/04/1956
Hilario,Philippou,16/04/1991
Lynde,Scramage,03/05/2000
Rochell,Kopta,17/01/1984
Oneida,Moule,28/09/1985
Evey,Penni,20/07/1992
Branden,Schmuhl,02/10/1920
Shelagh,Jeannin,17/08/1930
Seymour,Hartrick,10/01/1978
Torrie,Boliver,07/04/1942
Etheline,Stoter,21/04/1914
Sibylla,Croizier,21/01/2007
Tedmund,Czyz,22/05/1946
Timmy,Helleker,04/06/1904
Christophorus,Simmons,23/09/1908
Ashely,Clute,01/01/1976
Gweneth,Ivashev,22/01/2015
Guinevere,Papis,06/04/1966
Petunia,Thoms,20/07/2010
Katrina,Pottinger,05/09/1900
Dottie,Panswick,12/04/1933
Cullie,Sedman,17/08/1909
Ainslee,Yakovlev,12/08/1963
Bevon,Semkins,08/01/1902
Brynna,Batterson,13/05/1990
Sly,Willard,17/09/2009
Thorn,Jaquest,28/09/1923
Jan,Exon,05/11/1923
Brear,MacRorie,28/03/1992
Elsworth,Capsey,08/05/1912
Beverie,Andell,20/02/1906
Minnnie,Battill,25/01/1957
Katya,Ghelarducci,18/08/2019
Steve,Petrou,20/06/1993
Corbie,Grenshiels,20/10/1953
Winona,Henrys,31/10/1941
Gwyneth,Mugford,20/12/2008
Gaylene,Bruckman,17/05/1952
Padgett,McCrillis,12/07/1900
Amata,Matous,17/10/1908
Eve,Bursell,19/02/1931
Albert,Ponnsett,23/10/2009
Korry,Shapero,03/03/1990
Isa,Boig,09/05/1985
Marilee,Van Zon,20/07/1989
Flin,Whewill,16/06/1908
Cristabel,Midghall,10/10/1929
Marrilee,Ruos,14/04/1980
Odelle,Nairns,24/02/1979
Burtie,Baccup,31/05/1999
Darwin,Turpey,20/06/1910
Demetris,Masserel,20/07/1997
Philly,Gallie,25/10/1954
Kat,Gendricke,11/09/1902
Nataline,Broadley,19/05/1958
Hubert,Guitton,01/04/1917
Sargent,Blaxall,03/04/1942
Celene,Gunter,25/08/1938
Rolland,Cassey,03/04/1980
Lulita,Roots,03/04/1927
Morrie,Lindsell,14/03/1909
Allegra,Meenehan,16/04/1977
Homer,Wardell,19/02/2017
Meredith,Blunsen,29/11/1999
Nerta,Twelvetrees,20/12/1993
Alexandr,Jeffryes,27/07/1942
Harman,Meletti,16/12/1909
Bogart,Terrett,27/11/1957
Sherwynd,Smullin,13/04/1929
Vinni,Rosenqvist,29/08/1943
Gwendolyn,Belt,25/08/2007
Barbe,Beynon,16/05/1926
Delores,MacKay,21/08/2016
Teddy,Euels,02/09/2020
Marion,Aujouanet,26/10/1902
Ilene,Buick,28/08/1997
Kaila,Gouldsmith,03/12/1957
Mei,Fortnum,05/10/1973
Andra,Skeggs,08/09/1980
Orsa,Waddie,18/05/1959
Robena,Krzysztofiak,26/11/1951
Glori,St Ledger,29/01/1975
Kakalina,Bricksey,05/08/1987
Genia,Stockoe,10/10/2017
Dulcia,MacMychem,17/12/1997
Corrie,Bingle,13/07/1960
Rory,Osgar,06/08/1945
Jackie,Kase,26/08/1919
Marie-jeanne,Heinlein,30/10/1991
Valeria,Raddon,10/08/1955
Korry,Winpenny,10/01/1944
Andros,Karpenko,07/10/1962
Harriott,Ogus,19/05/2008
Jewel,Maydway,26/07/1969
Erny,Brecknock,18/10/1986
Sophi,Greguol,16/09/1980
Shae,Wadeson,20/10/2008
Bryn,Freemantle,03/07/1992
Rik,Stickells,03/06/1991
Kean,Couper,09/04/1975
Des,MacKee,07/07/1993
Wyatan,Whinray,04/05/2018
Mathilde,Blowen,09/08/1918
Hedvige,Pickston,22/07/2008
Basilio,Sommer,10/04/1979
Sigismund,Nestor,18/02/1989
Danya,Blezard,31/10/1950
Sauncho,Orteaux,25/10/1936
Adler,Auty,21/02/1945
Kipp,Rosa,12/12/2018
Free,Sumers,24/12/1958
Clarine,Steggals,12/10/1969
Giuditta,Heams,04/10/1915
Lynea,Jirusek,30/07/1993
Jo-ann,Neeve,05/09/2014
Nicol,Threader,29/01/1973
Rab,Mountcastle,07/06/1951
Gael,Horsewood,21/07/2005
Timoteo,Luciani,28/06/1957
Svend,Lanbertoni,20/04/2011
Kendra,Camous,25/06/1905
Joelly,Grigorian,25/06/1937
Rip,Saxelby,14/08/1962
Brittni,Reyson,23/12/1943
Cori,Branson,19/06/2013
Rick,Marnes,12/02/2017
Alvera,Savidge,31/05/1903
Patrizio,Grishmanov,15/03/1931
Bevin,Oates,26/02/2020
Matti,Grinham,23/07/2003
Dyan,Gowdy,06/08/1915
Drusy,Gason,27/11/1978
Berna,Melhuish,25/09/1900
Roseline,Sollon,05/12/1978
Tome,Davidovicz,15/07/1991
Kora,Callear,25/12/1986
Andonis,Raymond,18/09/1902
Valentin,Brussels,13/10/1929
Merill,D'Agostino,22/03/1963
Rockey,Guilayn,15/11/2007
Monroe,Costerd,21/01/1969
Mathew,Scard,27/12/1933
Matthaeus,Maier,04/04/1980
Tally,Rolfini,11/06/1960
Barty,Yu,19/03/1959
Gertruda,Jost,31/05/1986
Cassey,Elder,13/12/2007
Myles,Rigate,07/06/1951
Joyan,Forsythe,26/11/1952
Agata,Piscotti,31/08/1967
Lammond,Cambling,09/09/1978
Kissee,Thaller,19/04/2007
Emanuele,Fabry,12/02/2010
Troy,Cottis,06/02/2004
Shelia,Peltz,27/05/1914
Emogene,Duddy,07/09/1951
Paula,Stickney,02/07/1983
Oswell,Broomhead,12/01/1903
Guendolen,Andreazzi,04/02/1910
Callean,Caldicott,25/11/1934
Tymon,Ainsby,09/01/1962
Darby,Sibson,05/07/2006
Lisbeth,Trimmill,17/06/1996
Alfi,Earie,15/04/1987
Baxy,Rendbaek,09/05/1912
Dorrie,Dyzart,25/11/1962
Royal,Coster,22/02/1980
Sasha,Blaze,04/12/1984
Gabriello,Pavlov,16/03/1999
Vergil,Cattle,22/09/2004
Towny,Trasler,21/09/1959
Liza,Filochov,15/05/1950
Dew,Molineaux,31/08/1966
Idaline,Bisley,29/04/1931
Amandi,Kesten,08/06/2017
Falito,Hallam,22/05/2010
Aleen,Sergeant,17/10/1924
Robbert,Pattlel,20/05/1995
Jedd,Crean,09/10/1966
Gage,Soans,24/11/1916
Jewelle,Schoroder,07/01/1968
Susie,Feldmus,31/07/1911
Carolee,Vannacci,30/08/1948
Harlie,Theobald,03/03/1910
Andee,Illiston,18/08/1991
Genna,Benjefield,11/03/2017
Obie,Whatson,21/03/1944
Corrine,Conti,06/08/1901
Horatio,Aiston,13/06/1997
Skyler,Lloyds,04/04/2000
Jarrett,Dymocke,23/02/1932
Bartholomew,Herries,03/04/1913
Marjory,Tripett,28/01/1911
Rinaldo,Wessing,29/03/1986
Shannon,Laite,09/07/1925
Agneta,Marrow,01/03/1911
Huntlee,Bazell,17/10/1954
Regen,Fulloway,30/12/2016
Benji,Amer,18/02/1923
Sherri,Liptrot,11/10/2002
Alisha,Formigli,03/03/2001
Sandie,Cissen,05/12/1975
Walther,Giocannoni,02/06/2006
Nicolis,Firmager,13/06/1909
Odetta,Rathmell,05/06/2018
Natka,Sansam,31/03/1905
Helge,Overington,13/07/2020
Bernete,Youhill,18/01/1909
Standford,Bradberry,10/08/1931
Jandy,Falconer,03/11/1973
Gustav,Mayou,13/05/2000
Faina,Kohn,23/09/1976
Ingelbert,Cruess,10/07/1909
Cash,Girdwood,19/05/1970
Sayer,Grayham,24/10/1946
Vladamir,Terran,03/08/1942
Nicolette,Birtwhistle,03/02/1975
Bradney,Culkin,19/04/1975
Vladamir,Warman,14/11/2004
Win,Ivashintsov,01/03/1987
Molly,Croux,20/02/2013
Butch,Westmarland,03/11/2007
Fae,Handrock,19/05/1994
Dav,ducarme,07/02/1901
Dorie,Wackley,28/07/1971
Orlando,Popelay,28/10/1912
Hendrik,Wattam,19/02/1931
Bendicty,Spaxman,08/08/1992
Paula,Petticrow,11/12/2002
Anthia,Bonellie,18/07/2009
Davey,Verillo,05/03/1995
Deny,Dukesbury,18/12/2014
Cindy,Nelissen,21/05/1976
Jobi,Sabater,25/04/2010
Damita,Hyndson,10/08/1984
Mala,Casburn,22/05/1917
Clari,Clemow,11/01/1953
Israel,Stoves,18/12/1948
Lionello,Rate,23/10/1986
Tony,Wearn,23/11/1907
Fraze,Gartell,21/11/1928
Den,Lumsdaine,02/11/1987
Norine,Lyptratt,13/02/1996
Asher,Blakeley,23/08/1921
Gypsy,Peal,08/08/1978
Delila,Woolmer,30/09/1936
Bobbette,Barwick,06/04/1975
Broderick,Tremayle,12/04/2016
Vitoria,Isacke,27/05/1985
Lona,Loalday,17/07/1988
Eddie,Florio,22/02/1961
Ozzy,Ginn,11/06/1965
Carline,Toghill,08/12/1984
Gun,Haworth,21/01/1974
Claudia,Francis,09/03/1930
Shea,Deas,05/07/1906
Kori,Schuster,17/03/2007
Dahlia,Ropars,27/06/1908
Leontyne,Capponer,12/08/1948
Garwood,Haylor,21/12/1928
Lira,Kleis,14/05/1969
Orazio,Leban,31/08/1946
Maxy,Gothard,09/08/1987
Winne,Glasard,16/07/1907
Courtney,Lainge,11/06/1967
Casar,Beebis,27/05/2000
Henryetta,Emanuelli,06/05/1982
Mireille,Hamper,08/09/1984
Neysa,Philipsen,13/08/1924
Philippine,Fellnee,24/02/1967
Philis,Cheshir,01/09/1981
Sela,Ferandez,27/05/1996
Caye,Kiln,17/12/1913
Nonnah,Sterre,14/12/1966
Harriett,Holcroft,23/06/1920
Weidar,Inott,06/08/2016
Eran,Creamen,11/04/1988
Omero,Choat,17/03/1931
Gladys,Heibl,24/04/1990
Lewes,Petzold,12/08/1992
Dorthy,Chaffyn,12/05/2013
Novelia,Burgott,03/07/2014
Corny,Kirtley,24/05/1920
Jeanine,Cowup,29/08/1900
Sibylle,Woolmington,03/07/1979
Claudell,Ayrs,19/07/1962
Ashlen,Callister,04/02/1982
Kati,Pettendrich,17/11/1936
Gabriell,Bergeon,21/02/1922
Trudie,Berth,29/04/1908
Gaven,Taye,05/09/1907
Edgar,Ventam,28/12/1987
Margaretha,Oade,10/06/1985
Charla,Celand,07/07/2011
Marena,Kernocke,03/06/1928
Kristy,Clack,02/09/1998
Woodie,MacKall,17/04/2007
Shandy,Peploe,27/11/1921
Peter,Adds,29/07/1921
Jonathon,Willoughley,06/01/1968
Ninetta,MacGinley,02/02/1929
Breena,Mann,18/01/1932
Rolfe,Cottom,20/08/1965
Jodie,De Vaan,23/10/2006
Guinna,Goody,02/06/1938
Edythe,Archbell,14/03/2017
Ellerey,Srutton,01/01/1981
Boy,Rider,22/01/1931
Courtnay,Dunsire,07/07/1997
Lemmie,Iban,14/02/2021
Merwyn,Pavelin,27/05/1936
Suki,Damato,03/04/1912
Lonee,Grinnikov,20/10/1999
Berk,Reinard,09/03/1996
Monika,McDaid,04/04/2004
Nobe,Kondratenya,15/02/1934
Hanson,Schirak,27/05/2005
Gillan,Pell,04/07/1902
Rolando,Paulig,28/07/1999
Price,Dobby,30/07/2010
Sheilakathryn,Viccars,13/07/1970
Murvyn,Shirrell,17/03/2012
Livia,Josefsohn,20/07/1916
Kristopher,Durrett,15/09/2019
Chev,Crackett,01/07/1958
Cherilynn,Drakard,23/02/1977
North,Riehm,26/09/1997
Shelley,Grimsey,27/03/1992
Aubrey,Armfield,04/09/1912
Alfy,Gawen,25/07/1904
Jeramie,McAtamney,25/08/1923
Hinda,Boxer,14/01/1959
Abbott,Forcade,29/11/1964
Gracie,Harberer,24/06/1957
Norine,Fahy,30/10/1960
Northrop,Klaes,06/05/1996
Mufinella,Brumen,13/09/1957
Glynnis,Eldred,05/02/1900
Viola,Reade,03/01/1996
Rodrigo,Augar,10/05/2011
Normy,Antoinet,16/03/1951
Leah,Bethell,26/01/2004
Osmund,Hobbert,24/01/1956
Curtis,Prentice,10/11/1978
Gale,Hayley,11/04/1937
Idell,Linnard,19/07/1912
Hartwell,Brocket,20/09/1971
Pren,Binney,25/11/1960
Lombard,Gunthorpe,08/04/1978
Shandeigh,Wadham,11/09/1985
Lin,MacPeake,05/01/1944
Kata,Onians,15/08/1965
Nicko,Dickin,17/02/1933
Nissie,Newart,03/02/1964
Maurine,Ricardou,26/03/1900
Babette,McCallam,21/01/2003
Putnam,Scobie,28/02/1949
Dun,Clifforth,21/03/1918
Samaria,Chate,12/03/1978
Aloysia,Santore,15/02/2013
Dore,Rosenberger,06/04/1986
Hester,Sellwood,15/05/1904
Sileas,Matzeitis,26/09/2014
Alanna,Dessaur,25/04/1971
Rebe,Seatter,26/03/2004
Callida,Tondeur,24/05/1993
Uta,Sanzio,01/01/1926
Christiana,Silcocks,26/01/1971
Clementina,Sante,19/08/1901
Gris,Guillerman,23/06/2006
Deanne,Copper,10/10/1920
Astrix,Awin,07/09/1997
El,Mennear,10/06/1942
Hubey,Geldert,04/11/1942
Merl,Conahy,21/11/2012
Estel,Woodworth,08/08/1931
Cristie,Clampton,27/02/1952
Inesita,Crockett,14/10/1956
Lloyd,Mucci,09/06/1923
Petronia,Wyeth,14/10/1966
Nissie,Tupie,01/12/1964
Nikolas,Freezor,04/06/1921
Ramona,Luna,10/12/1905
Willi,Gatheridge,26/10/1917
Rodolphe,Verbeke,12/04/1914
Maggie,Robathon,09/11/1991
Desmond,Buglar,24/12/1939
Barbe,Blindt,20/02/2004
Vanda,Haughian,27/05/2017
Ichabod,Biddiss,12/11/1900
Farr,Orniz,09/04/1943
Dusty,Bott,14/08/1995
Aveline,Bridden,16/08/1917
Elsie,Kempstone,09/08/1971
Desiri,Rookledge,03/03/1921
Kain,Baline,16/10/1902
Bartel,Outram,14/07/1935
Verna,Scantleberry,04/12/2005
Laverne,Trunby,29/11/1932
Palmer,Roullier,25/11/1902
Bernetta,Redmain,23/01/1904
Barby,Elwood,20/10/1987
Tuckie,Lilloe,15/12/1901
Mayne,Gentry,17/11/1941
Kaja,Cowperthwaite,10/07/1940
Liliane,Ash,25/09/1937
Stormie,Reay,23/09/1958
Nata,Lindermann,19/07/1978
Ricardo,Giraths,24/12/1989
Moyra,Short,12/02/1902
Colas,Whorf,19/06/1941
Lydon,Orhrt,16/07/1904
Dona,Ciccottini,03/11/1958
Grenville,Nowakowska,30/12/1948
Corrie,Challicum,11/03/1911
Bernardo,Ruddoch,25/11/1933
Alejandra,Jirka,11/10/1942
Val,Ghiraldi,24/03/1918
Willdon,Loughhead,30/03/1975
Borden,Boast,18/03/2012
Kory,McClaren,25/08/1914
James,Halligan,05/09/1999
Raymond,Quinnelly,17/10/1934
Tine,Gilyatt,12/02/1902
Thomasa,Heatherington,01/06/1980
Sam,Isbell,14/02/1992
Cornell,Poulsen,21/05/1954
Tam,Jancy,03/06/1988
Ferrel,Sizzey,28/09/1961
Blake,Hurton,18/07/1972
Merwin,Adolthine,12/11/1946
Ernestine,Cuschieri,20/07/1923
Elisha,Faudrie,16/03/1942
Booth,Pulford,26/12/2016
Sigismondo,Hattigan,17/01/1905
Colin,Dundridge,09/07/1983
Constancia,Stenson,11/02/1989
Tiff,Pietzke,11/02/2015
Wendy,Cordoba,14/09/1983
Felice,Epple,12/07/1981
Edeline,Rudkin,24/07/1955
Ashton,Melan,17/08/1930
Willie,McGillreich,16/06/2006
Kaleena,Leitche,18/01/1901
Griffie,Alston,18/08/1938
Vannie,Parminter,09/05/1972
Bail,Alner,29/09/2001
Joan,Hamner,05/07/2014
Chalmers,Jamary,03/05/1966
Gannie,Dreakin,20/09/1993
Stesha,Tzuker,25/03/2000
Mitchael,Abbie,27/01/1988
Alica,Chatin,16/10/1962
Alfie,Clash,09/07/1910
Jeri,Menere,27/01/1978
Farrah,Van Arsdall,25/09/1921
Marlo,Eustanch,15/04/1940
Maurits,Gayther,02/07/1976
Damara,Carpmile,19/11/2009
Valentine,Jerzykiewicz,28/09/1912
Delmor,Tompkinson,12/02/1908
Tamarra,Tomaskunas,13/08/1969
Melany,Jikovsky,16/11/1920
Ardra,Raftery,19/04/2004
Vernon,Pitbladdo,16/08/1969
Delmor,Columbell,21/10/2004
Shoshana,Athow,12/10/1980
Bee,Kermeen,22/11/1981
Mattias,Sinnett,10/11/1958
Brier,Mandrier,27/05/2018
Eldredge,Scrivner,21/07/1990
Maudie,Fairley,11/10/1970
Horacio,Harms,14/06/1911
Krista,Soule,01/10/1947
Lucky,O'Dwyer,05/10/1923
Daryl,Bartolomeo,22/10/1999
Angelita,Ruvel,02/01/1977
Deb,Dudmarsh,13/01/1904
Baird,Louys,20/07/1945
Shalna,Thomlinson,10/12/1956
Nicolai,Winchurch,12/07/1992
Stephannie,Le Noire,14/01/1917
Urbanus,Parnall,04/04/1967
Lucia,Yule,08/03/1909
Vinita,Hallsworth,19/03/1920
Karim,Bacup,02/05/1903
Marla,Misken,25/10/1911
Chris,Duker,15/04/1994
Cherida,Shipway,18/01/1967
Niles,Lammie,01/11/1971
Jacky,Stanwix,30/08/1930
Joshuah,Olliffe,24/10/2017
Gianni,M'cowis,08/08/1924
Hodge,Ipplett,05/11/1905
Mareah,Pedgrift,14/12/1946
Hilarius,Epsly,05/06/1958
Karly,Furlonge,27/07/1931
Victoir,Maccrie,07/05/1976
Estella,Bushen,09/12/1917
Wilow,Grumley,02/08/2020
Selma,Scottrell,07/07/1919
Kathryne,Jerrolt,07/06/1992
Dael,Perot,16/03/1917
Gabriella,Bragger,06/04/1914
Terencio,O'Hartigan,15/09/1928
Ingeborg,Bowdon,05/09/1928
Burnard,Brambell,25/05/1983
Briny,Stoving,22/09/1994
Sherri,Jagiello,30/11/1932
Odette,Stebles,18/02/1959
Romy,Eul,01/11/1931
Camala,Cockshut,01/03/1992
Esra,Anthoin,13/04/2003
Jannelle,Castelluzzi,04/08/1922
Karly,Fishwick,10/12/1929
Ronnie,Trymme,15/04/1947
Zane,Tutt,19/11/2015
Starlin,Dutnall,22/09/1961
Leila,Jecock,23/06/2009
Cosimo,Jiles,07/11/1979
Carolee,Blanket,13/08/1949
Pauli,Chatwood,17/09/1983
Dexter,Standbridge,13/05/2008
Clarabelle,Vivyan,05/09/2015
Jillana,Meese,08/11/1907
Lucilia,Corhard,25/02/1958
Artie,Mogie,16/05/1964
Georgeanna,Hallbord,07/08/1967
Jermaine,Praundl,19/03/1958
Marika,De Normanville,29/03/1945
Dennet,Kovalski,25/12/1951
Mitchael,MacLoughlin,13/01/2021
Jarrid,Risso,18/06/1903
Kassey,Tonkinson,31/10/1933
Onfre,Puden,14/05/1904
Chanda,Perrington,14/09/2013
Wandie,Dufer,04/01/1959
June,Wallenger,13/02/1954
Leonid,Boddymead,07/09/1906
Stephan,Sprague,23/06/1940
Clementius,Duddell,26/01/2011
Tab,Reveland,13/06/1977
Valaria,Kleimt,23/01/1951
Cathrin,Blader,18/12/1942
Corbie,Ianson,18/07/1997
Holli,Castelow,15/06/1993
Candace,Ebhardt,06/09/1917
Robbyn,Packwood,07/09/1952
Webster,Elbourn,12/07/1982
Philip,D'Alessandro,30/01/1951
Simmonds,Calterone,31/07/1915
Min,Lethbury,18/03/2019
Tabbi,Filpi,28/03/1944
Cross,Pincked,26/07/1992
Ozzie,Raistrick,26/02/1968
Minetta,Foxley,14/01/1909
Garvy,Keogh,26/01/2014
Rory,Lanphier,05/05/1950
Bronny,Vasyutichev,06/05/1977
Henryetta,Buche,22/11/2004
Clarisse,Rymmer,29/04/1930
Jeff,Rzehorz,10/01/2007
Bret,Bibb,13/01/1917
Regan,Elstow,08/01/1989
Miles,Sans,26/03/1967
Anabella,Harteley,20/06/1957
Dietrich,Froud,10/06/1974
Coraline,Jaquest,02/09/1965
Ogdon,Gazey,06/08/1977
Mata,Hawkes,08/10/2017
Glennie,Penticoot,09/10/1969
Pip,Odell,30/07/1984
Erda,Gheraldi,17/08/1996
Cecil,Kilfedder,19/04/1977
Alix,Paddle,22/07/2000
Lutero,Gallaccio,30/09/1995
Idell,Harriot,16/06/2001
Paige,Fishpool,03/02/1983
Lynnell,McCaskell,04/10/1961
Tate,Skoughman,04/05/1996
Hana,Beebe,15/07/2009
Duff,Besnardeau,03/04/1927
Delainey,Megarrell,15/02/1984
Zoe,Burtenshaw,22/05/1981
Nikaniki,Mariet,09/10/1971
Tommy,Caulkett,12/08/1979
Elisa,Leathem,14/10/2012
Robinett,Yacob,15/08/1972
Jean,Giacomoni,08/05/1984
Rozele,Lintin,13/02/1917
Reina,Gosse,17/12/1981
Wenda,Dmytryk,03/09/1980
Barth,Gibbings,09/05/1975
Shaw,Tootell,23/02/1908
Maggie,Briand,26/03/2019
Berton,Gallaccio,14/10/1975
Evan,Begwell,18/07/1992
Idell,Gurdon,09/02/1998
Errick,Foker,20/09/1946
Clare,Larver,08/10/1976
Rowen,Petyt,10/11/2004
Nicola,Seager,04/03/1951
Janelle,Ison,15/07/1929
Temp,Cranmore,24/02/1987
Evvie,Greiser,03/06/1980
Elaina,Tarzey,02/11/1958
Christen,Jerrems,01/12/2020
Joel,Birkin,05/04/2003
Sher,Cabrales,11/05/2003
Jennie,Reavey,26/09/2012
Lombard,Pibworth,07/09/1932
Rawley,Gaize,16/04/1968
Glyn,Haliburn,18/06/2005
Meris,Haker,05/01/1948
Bartolomeo,Baudts,04/10/2000
Jefferson,Scollard,19/04/1960
Todd,Duplock,15/03/1933
Alanson,Marxsen,11/08/2018
Millicent,Sterte,23/02/1917
Ethelyn,Milesap,06/07/1975
Winnifred,Geaney,31/03/1963
Bastien,Scurrell,03/11/1997
Petr,Sackey,01/06/2017
Drusi,Hanhard,01/03/1978
Giacobo,Aujouanet,05/08/1923
Dukie,Siviour,30/01/1968
Carolin,Lighten,27/07/1907
Chase,Amott,06/09/2000
Adelheid,Farrears,16/02/1976
Barret,MacAllister,20/06/1917
Bran,Ritzman,27/04/1928
Reinaldo,Ivchenko,26/06/1955
Calli,Norman,07/11/1966
Loree,Scrimshire,30/04/1941
Deborah,O'Crowley,03/02/2007
Mindy,Phaup,04/02/2002
Mayer,Foskett,13/12/2017
Sibley,Lydford,17/09/1934
Dalston,Gorcke,13/09/1964
Karrie,Shasnan,31/12/2010
Lindsay,Keave,07/07/2014
Holden,Salzburger,19/11/1932
Connie,Grigorkin,13/03/1982
Mikol,Steeden,09/07/1950
Geneva,Duckit,27/09/1922
Vale,Harrad,04/09/1927
Shepard,Jansik,01/01/1923
Percy,Meynell,02/08/1932
Hayyim,Dupoy,14/06/2017
Kippie,Rosling,20/09/1914
Mariette,Donaghy,09/01/2020
Kinnie,Ings,27/05/1923
Maryl,Nansom,24/01/1933
Tally,Whatley,24/05/1988
Nickolas,Cardiff,04/10/1985
Tamas,Commins,19/09/1988
Renie,Klaffs,09/10/1903
Barri,McGurk,07/10/1991
Filide,McCarron,15/02/1959
Bord,Yaxley,13/12/1942
Brenden,Kruger,12/02/1942
Charyl,Aysik,05/11/1923
Shelden,Eymer,09/06/1958
Mahmud,Doyland,10/03/1979
Arlana,Grzesiak,22/05/1928
Florence,Earsman,22/07/2014
Burlie,Mayworth,18/03/1901
Kin,Hansell,07/01/1919
Hanna,Pietranek,23/04/1999
Kevyn,Chapple,18/12/1924
Dana,Dewer,20/10/1964
Julee,Breitler,02/09/1959
Brendan,Napleton,29/07/2002
Lammond,Sainz,07/02/1913
Drew,Asche,09/02/1939
Florian,Shrubshall,19/02/1982
Eleen,Bulch,10/01/1966
Alissa,Tague,05/03/1987
Hamel,Gogerty,15/11/1983
Aubrey,Presser,07/10/1967
Dennis,Downgate,22/12/1949
Dietrich,Lowater,14/06/2012
Gustavus,Woolway,23/03/1965
Ermin,Stanney,12/01/2021
Simmonds,Spurgin,16/06/1924
Shaylyn,Blose,12/05/1957
Tilda,Woodcock,27/05/1960
Halette,Lujan,24/12/1916
Pail,Elcy,03/05/1986
Tomasina,Fellos,31/08/1948
Janene,Morcom,25/05/1987
Miguelita,Oman,01/11/1938
James,Cove,20/09/1942
Guendolen,Hazlegrove,11/08/1991
Gustave,Stowe,09/12/1909
Yorker,Gribbell,25/08/2017
Tracee,Giabucci,21/11/1902
Flss,Flay,09/09/2009
Alejandra,Kilgour,14/04/1950
Pascal,Ovey,14/05/1964
Jacquelyn,Couchman,28/10/1906
Tarah,Ainsworth,06/04/1955
Winona,Povall,13/10/1909
Filippa,Blaby,12/08/2006
Cordey,Pond-Jones,10/08/1920
Elias,Thominga,18/07/1956
Casey,Martinson,12/03/1921
Celestia,Noel,31/10/1986
Xenia,Gehrels,03/02/1917
Perkin,Jameson,09/12/1993
Cyril,Curme,14/11/1912
Francklin,Penk,21/09/1938
Nita,Scudamore,19/10/1986
Jo ann,Grayshan,01/02/1975
Augustina,Sangwin,26/01/1903
Sidnee,Filintsev,29/01/2015
Osmund,Lude,27/02/2000
Murdoch,Westrey,10/02/1995
Sanderson,Lambirth,15/10/2007
Julee,Barttrum,30/04/1900
Derron,Cowderoy,12/06/1934
Reginauld,Higounet,02/06/1996
Bret,Ungaretti,28/01/1993
Chiarra,Dunning,18/09/1959
Rozanne,De L'Isle,26/05/1937
Derrick,Farge,23/10/2007
Manny,Tegeller,06/08/1908
Elana,Jinks,24/10/1956
Giana,Scuffham,01/01/1991
Jeannine,Ivan,02/05/1979
Olivero,Gallyon,01/03/1971
Marabel,Jindrak,19/12/1918
Brittne,O'Donoghue,29/04/2015
Calhoun,Liveing,09/05/1903
Lexine,Wackly,09/09/1972
Angil,Iwanczyk,05/01/1915
Lynnelle,Tschierse,01/03/1983
Rosamund,Couchman,01/02/1975
Krisha,Quinnell,22/02/1998
Stacia,Annandale,10/12/1998
Nikola,Matejic,20/10/1944
Edith,Reburn,29/04/1982
Dud,Speak,23/07/1990
Becki,Antonchik,13/11/1952
Wilmer,Borthram,04/01/2002
Jane,Jaffa,05/04/2012
Pavla,Breeder,15/06/1952
Conant,Witnall,19/12/1966
Jemie,Gainforth,30/03/1908
Mabel,Keddle,15/02/1917
Vitoria,Strattan,27/06/2017
Delphine,Weall,03/07/1983
Claudina,Sainsbury-Brown,19/02/1918
Shaine,Whacket,06/02/1964
Orsa,Paradis,23/11/1967
Lillian,Clapperton,13/06/1924
Michele,McEvay,24/05/1978
Celina,McDougall,15/12/1941
Franchot,Camamill,06/06/1975
Aleksandr,Baudacci,03/06/1978
Alleyn,Raybould,22/08/1974
Shel,Morkham,07/07/1968
Dannye,Rechert,26/08/1912
Gian,Izkovitch,26/01/1934
Alaric,Ledster,19/02/2020
Loreen,Busfield,26/12/2018
Kanya,Van Zon,19/01/1919
Toddy,Bauser,15/02/2015
Erna,Pitcock,29/01/2014
Raimondo,Jorgesen,16/10/2015
Lisetta,Dorwood,13/08/1935
Stormi,Paragreen,02/12/1966
Tatiana,Iveagh,14/06/1936
Valina,Ulyatt,05/06/1903
Chrisy,Casoni,21/03/1955
Elroy,Boord,15/04/1969
Pacorro,Bengal,17/07/1928
Harmony,Redfearn,19/07/1956
Augusta,Garrigan,22/07/1900
Anallese,Kinghorne,01/05/1954
Zacharias,Shallcroff,06/02/1953
Emera,Sanson,05/08/2019
Ailyn,Mynott,12/10/1913
Kass,Jaye,19/08/2014
Augusta,Pedden,26/05/1915
Papageno,Martinovsky,17/08/1986
Eve,Thorpe,09/02/1946
Bat,Gregorin,03/09/1967
Kayne,Grushin,20/03/1980
Celie,Tunaclift,02/04/1988
Parke,Skipperbottom,08/01/1950
Tedra,Wait,06/07/1990
Morten,Kitley,26/04/1986
Vinita,Brolan,09/04/1991
Elnore,Huxton,20/06/2003
Gun,Skate,18/07/1959
Lauryn,Chellam,07/04/1903
Ottilie,Clericoates,28/12/1907
Dita,Ibbitson,28/11/2016
Aaren,Standidge,15/03/1910
Dallis,Cool,30/11/2003
Katlin,Wrist,04/11/1919
Odey,Nevitt,25/03/1956
Hal,Darrel,13/10/1926
Donnell,Oger,24/10/1916
Claudetta,McGeachey,28/11/1975
Broddie,Johncey,22/09/1952
Marna,Iveson,06/09/1982
Flory,Tawse,28/04/1970
Dav,Dodamead,03/09/2017
Salem,Vanyushin,15/10/1922
Janelle,Giacovetti,07/08/1926
Roselia,McFadzean,04/09/1917
Goldi,Falvey,10/03/2001
Lucho,Hubane,15/04/1941
Tucky,Chatin,23/01/1936
Glyn,O'Deegan,10/02/1990
Linet,Duddell,30/05/1902
Warden,Studde,09/08/1906
Lucie,Stonard,09/10/2001
Kippy,Rowberry,30/04/1981
Catlin,Pointon,09/04/2009
Barby,Buxey,01/09/1967
Barth,Pagelsen,12/01/1900
Wrennie,Easbie,25/06/1950
Ted,Borrell,01/01/1947
Thorndike,Pennyman,24/05/2018
Shela,Milsom,12/05/1972
Danie,Harrowell,21/04/1976
Koo,Farries,13/02/1986
Sharona,Hinkins,20/05/1913
Wini,Longbone,11/02/1955
Corabelle,McCourt,06/11/1991
Holt,Bernetti,28/03/2019
Prissie,Bruntje,17/04/1970
Hailey,Devin,22/02/1957
Katusha,Younglove,07/05/1973
Maybelle,Busen,03/06/1994
Abby,Barrowclough,02/04/1930
Retha,Gregg,30/01/1965
Susannah,Rennard,02/01/2015
Allina,Petriello,06/12/2005
Olenka,Cullrford,28/06/1927
Shana,Staries,22/07/1999
Morena,Stell,06/05/1904
Tymothy,Tyrie,30/05/1996
Trina,Cussen,12/04/2000
Jacky,Roads,19/03/2007
Sosanna,Lazar,12/12/1947
Barnaby,Lowdes,23/08/1988
Kora,Margetson,25/03/1919
Cyril,Cropton,07/06/2011
Aube,Matyushenko,17/01/1920
Maynard,Mewha,11/08/1995
Hayward,Luckings,21/12/1946
Leoine,Pelos,26/12/1964
Odille,Corner,11/01/2021
Moina,Piddocke,22/07/1957
Idelle,Gladdifh,20/07/2013
Gilly,Kiehne,25/08/2019
Grata,Payn,16/11/1921
Clio,Dodd,25/02/1963
Kimberli,Berkowitz,17/02/1946
Abigale,Loffhead,11/02/1914
Raphaela,Petrovykh,08/02/2013
Katherina,Patemore,01/06/2002
Kiersten,Capey,30/04/1946
Wilek,Cristofolini,25/03/1927
Anthe,Ennion,29/04/2003
Dacy,Peddowe,09/01/1943
Kippie,Forrestill,25/08/2009
Netty,Aguirre,27/04/1995
Elset,Beedle,14/03/1920
Janek,Wymer,04/05/2002
Fancie,Evennett,11/04/1951
Murdock,Cuttell,09/08/1966
Lock,Brockbank,23/11/1907
Uta,Castagnet,20/03/1982
Tomasina,Dressel,08/11/1909
Lyda,Petto,18/10/1951
Allin,Pigot,21/12/2012
Kalie,Shills,20/05/2017
Haskell,Ineson,05/04/1920
Agace,Litton,12/09/1945
Elke,Key,29/05/1995
Kerr,Dellar,07/08/1942
Ximenez,Woodbridge,10/07/1930
Fraze,Thunders,27/09/1916
Kassie,Death,12/10/1912
Pegeen,Magne,10/11/1942
Elwira,Paulsson,15/08/1913
Yoshi,Cowitz,01/10/2011
Kathryn,Paszek,20/06/1983
Jasmina,Ackrill,14/11/1921
Eleanor,Frances,25/04/1947
